1,1,1,Vendemiaire,Vintage,Grapes,https://en.wikipedia.org/wiki/Grape
2,2,1,Vendemiaire,Vintage,Saffron,https://en.wikipedia.org/wiki/Saffron
3,3,1,Vendemiaire,Vintage,Chestnuts,https://en.wikipedia.org/wiki/Chestnuts
4,4,1,Vendemiaire,Vintage,"the Autumn Crocus",https://en.wikipedia.org/wiki/Colchicum_autumnale
5,5,1,Vendemiaire,Vintage,Horses,https://en.wikipedia.org/wiki/Horses
6,6,1,Vendemiaire,Vintage,Impatiens,https://en.wikipedia.org/wiki/Impatiens
7,7,1,Vendemiaire,Vintage,Carrots,https://en.wikipedia.org/wiki/Carrots
8,8,1,Vendemiaire,Vintage,Amaranth,https://en.wikipedia.org/wiki/Amaranth
9,9,1,Vendemiaire,Vintage,Parsnips,https://en.wikipedia.org/wiki/Parsnips
10,10,1,Vendemiaire,Vintage,Vats,https://en.wikipedia.org/wiki/Storage_tank
11,11,2,Vendemiaire,Vintage,Potatoes,https://en.wikipedia.org/wiki/Potatoes
12,12,2,Vendemiaire,Vintage,Strawflower,https://en.wikipedia.org/wiki/Strawflower
13,13,2,Vendemiaire,Vintage,"Winter squash",https://en.wikipedia.org/wiki/Winter_squash
14,14,2,Vendemiaire,Vintage,Mignonette,https://en.wikipedia.org/wiki/Mignonette
15,15,2,Vendemiaire,Vintage,Donkeys,https://en.wikipedia.org/wiki/Donkeys
16,16,2,Vendemiaire,Vintage,"Four o'clock flowers",https://en.wikipedia.org/wiki/Mirabilis_jalapa
17,17,2,Vendemiaire,Vintage,Pumpkins,https://en.wikipedia.org/wiki/Pumpkins
18,18,2,Vendemiaire,Vintage,Buckwheat,https://en.wikipedia.org/wiki/Buckwheat
19,19,2,Vendemiaire,Vintage,Sunflowers,https://en.wikipedia.org/wiki/Sunflowers
20,20,2,Vendemiaire,Vintage,"the Wine-Press",https://en.wikipedia.org/wiki/Fruit_press
21,21,3,Vendemiaire,Vintage,Hemp,https://en.wikipedia.org/wiki/Hemp
22,22,3,Vendemiaire,Vintage,Peaches,https://en.wikipedia.org/wiki/Peaches
23,23,3,Vendemiaire,Vintage,Turnips,https://en.wikipedia.org/wiki/Turnips
24,24,3,Vendemiaire,Vintage,Amaryllis,https://en.wikipedia.org/wiki/Amaryllis
25,25,3,Vendemiaire,Vintage,Oxen,https://en.wikipedia.org/wiki/Oxen
26,26,3,Vendemiaire,Vintage,Eggplants,https://en.wikipedia.org/wiki/Eggplants
27,27,3,Vendemiaire,Vintage,"Chili Peppers",https://en.wikipedia.org/wiki/Chili_pepper
28,28,3,Vendemiaire,Vintage,Tomatoes,https://en.wikipedia.org/wiki/Tomatoes
29,29,3,Vendemiaire,Vintage,Barley,https://en.wikipedia.org/wiki/Barley
30,30,3,Vendemiaire,Vintage,"the Barrel",https://en.wikipedia.org/wiki/Barrel#Beverage_maturing
31,1,1,Brumaire,Mist,Apples,https://en.wikipedia.org/wiki/Apples
32,2,1,Brumaire,Mist,Celery,https://en.wikipedia.org/wiki/Celery
33,3,1,Brumaire,Mist,Pears,https://en.wikipedia.org/wiki/Pears
34,4,1,Brumaire,Mist,Beetroot,https://en.wikipedia.org/wiki/Beetroot
35,5,1,Brumaire,Mist,Geese,https://en.wikipedia.org/wiki/Geese
36,6,1,Brumaire,Mist,Heliotrope,https://en.wikipedia.org/wiki/Heliotropium
37,7,1,Brumaire,Mist,"the Common fig",https://en.wikipedia.org/wiki/Common_fig
38,8,1,Brumaire,Mist,"Black Salsify",https://en.wikipedia.org/wiki/Scorzonera_hispanica
39,9,1,Brumaire,Mist,"the Chequer Tree",https://en.wikipedia.org/wiki/Sorbus_torminalis
40,10,1,Brumaire,Mist,"the Plough",https://en.wikipedia.org/wiki/Plough
41,11,2,Brumaire,Mist,Salsify,https://en.wikipedia.org/wiki/Tragopogon_porrifolius
42,12,2,Brumaire,Mist,"the Water caltrop",https://en.wikipedia.org/wiki/Water_caltrop
43,13,2,Brumaire,Mist,"Jerusalem artichokes",https://en.wikipedia.org/wiki/Jerusalem_artichoke
44,14,2,Brumaire,Mist,Endives,https://en.wikipedia.org/wiki/Endives
45,15,2,Brumaire,Mist,Turkeys,https://en.wikipedia.org/wiki/Turkeys
46,16,2,Brumaire,Mist,Skirret,https://en.wikipedia.org/wiki/Skirret
47,17,2,Brumaire,Mist,Watercress,https://en.wikipedia.org/wiki/Watercress
48,18,2,Brumaire,Mist,Leadworts,https://en.wikipedia.org/wiki/Leadworts
49,19,2,Brumaire,Mist,Pomegranates,https://en.wikipedia.org/wiki/Pomegranates
50,20,2,Brumaire,Mist,"the Harrow",https://en.wikipedia.org/wiki/Harrow_(tool)
51,21,3,Brumaire,Mist,Baccharis,https://en.wikipedia.org/wiki/Baccharis
52,22,3,Brumaire,Mist,Azarole,https://en.wikipedia.org/wiki/Azarole
53,23,3,Brumaire,Mist,Madder,https://en.wikipedia.org/wiki/Madder
54,24,3,Brumaire,Mist,Oranges,https://en.wikipedia.org/wiki/Oranges
55,25,3,Brumaire,Mist,"the Pheasant",https://en.wikipedia.org/wiki/Pheasant
56,26,3,Brumaire,Mist,Pistachios,https://en.wikipedia.org/wiki/Pistachios
57,27,3,Brumaire,Mist,"Tuberous peas",https://en.wikipedia.org/wiki/Lathyrus_tuberosus
58,28,3,Brumaire,Mist,Quince,https://en.wikipedia.org/wiki/Quince
59,29,3,Brumaire,Mist,"the Service tree",https://en.wikipedia.org/wiki/Sorbus_domestica
60,30,3,Brumaire,Mist,"the Roller",https://en.wikipedia.org/wiki/Roller_(agricultural_tool)
61,1,1,Frimaire,Frost,Rampion,https://en.wikipedia.org/wiki/Phyteuma
62,2,1,Frimaire,Frost,"Cattle turnips",https://en.wikipedia.org/wiki/Turnip
63,3,1,Frimaire,Frost,Chicory,https://en.wikipedia.org/wiki/Chicory
64,4,1,Frimaire,Frost,Medlar,https://en.wikipedia.org/wiki/Medlar
65,5,1,Frimaire,Frost,Pigs,https://en.wikipedia.org/wiki/Pigs
66,6,1,Frimaire,Frost,"Lamb's lettuce",https://en.wikipedia.org/wiki/Valerianella_locusta
67,7,1,Frimaire,Frost,Cauliflower,https://en.wikipedia.org/wiki/Cauliflower
68,8,1,Frimaire,Frost,Honey,https://en.wikipedia.org/wiki/Honey
69,9,1,Frimaire,Frost,Juniper,https://en.wikipedia.org/wiki/Juniper
70,10,1,Frimaire,Frost,"the Pickaxe",https://en.wikipedia.org/wiki/Pickaxe
71,11,2,Frimaire,Frost,Wax,https://en.wikipedia.org/wiki/Wax
72,12,2,Frimaire,Frost,"the Horseradish",https://en.wikipedia.org/wiki/Horseradish
73,13,2,Frimaire,Frost,"the Cedar tree",https://en.wikipedia.org/wiki/Cedrus
74,14,2,Frimaire,Frost,"the Fir",https://en.wikipedia.org/wiki/Fir
75,15,2,Frimaire,Frost,"Roe Deer",https://en.wikipedia.org/wiki/Roe_deer
76,16,2,Frimaire,Frost,Gorse,https://en.wikipedia.org/wiki/Gorse
77,17,2,Frimaire,Frost,"the Cypress tree",https://en.wikipedia.org/wiki/Cupressus_sempervirens
78,18,2,Frimaire,Frost,Ivy,https://en.wikipedia.org/wiki/Ivy
79,19,2,Frimaire,Frost,"Savin Juniper",https://en.wikipedia.org/wiki/Juniperus_sabina
80,20,2,Frimaire,Frost,"the Grub-hoe",https://en.wikipedia.org/wiki/Hoe_(tool)
81,21,3,Frimaire,Frost,"the Sugar Maple",https://en.wikipedia.org/wiki/Acer_saccharum
82,22,3,Frimaire,Frost,Heather,https://en.wikipedia.org/wiki/Calluna
83,23,3,Frimaire,Frost,Reeds,https://en.wikipedia.org/wiki/Reed_(plant)
84,24,3,Frimaire,Frost,Sorrel,https://en.wikipedia.org/wiki/Sorrel
85,25,3,Frimaire,Frost,Crickets,https://en.wikipedia.org/wiki/Crickets
86,26,3,Frimaire,Frost,"Pine nuts",https://en.wikipedia.org/wiki/Pine_nut
87,27,3,Frimaire,Frost,Cork,https://en.wikipedia.org/wiki/Quercus_suber
88,28,3,Frimaire,Frost,Truffles,https://en.wikipedia.org/wiki/Truffles
89,29,3,Frimaire,Frost,Olives,https://en.wikipedia.org/wiki/Olives
90,30,3,Frimaire,Frost,Shovels,https://en.wikipedia.org/wiki/Shovels
91,1,1,Nivose,Snow,Peat,https://en.wikipedia.org/wiki/Peat
92,2,1,Nivose,Snow,Coal,https://en.wikipedia.org/wiki/Coal
93,3,1,Nivose,Snow,Bitumen,https://en.wikipedia.org/wiki/Bitumen
94,4,1,Nivose,Snow,Sulphur,https://en.wikipedia.org/wiki/Sulphur
95,5,1,Nivose,Snow,Dogs,https://en.wikipedia.org/wiki/Dogs
96,6,1,Nivose,Snow,Lava,https://en.wikipedia.org/wiki/Lava
97,7,1,Nivose,Snow,Topsoil,https://en.wikipedia.org/wiki/Topsoil
98,8,1,Nivose,Snow,Manure,https://en.wikipedia.org/wiki/Manure
99,9,1,Nivose,Snow,Saltpeter,https://en.wikipedia.org/wiki/Saltpeter
100,10,1,Nivose,Snow,"the Flail",https://en.wikipedia.org/wiki/Flail_(agriculture)
101,11,2,Nivose,Snow,Granite,https://en.wikipedia.org/wiki/Granite
102,12,2,Nivose,Snow,Clay,https://en.wikipedia.org/wiki/Clay
103,13,2,Nivose,Snow,Slate,https://en.wikipedia.org/wiki/Slate
104,14,2,Nivose,Snow,Sandstone,https://en.wikipedia.org/wiki/Sandstone
105,15,2,Nivose,Snow,"the Rabbit",https://en.wikipedia.org/wiki/Rabbit
106,16,2,Nivose,Snow,Flint,https://en.wikipedia.org/wiki/Flint
107,17,2,Nivose,Snow,Marl,https://en.wikipedia.org/wiki/Marl
108,18,2,Nivose,Snow,Limestone,https://en.wikipedia.org/wiki/Limestone
109,19,2,Nivose,Snow,Marble,https://en.wikipedia.org/wiki/Marble
110,20,2,Nivose,Snow,"the Winnowing Fan",https://en.wikipedia.org/wiki/Winnowing
111,21,3,Nivose,Snow,Gypsum,https://en.wikipedia.org/wiki/Gypsum
112,22,3,Nivose,Snow,Salt,https://en.wikipedia.org/wiki/Salt
113,23,3,Nivose,Snow,Iron,https://en.wikipedia.org/wiki/Iron
114,24,3,Nivose,Snow,Copper,https://en.wikipedia.org/wiki/Copper
115,25,3,Nivose,Snow,Cats,https://en.wikipedia.org/wiki/Cats
116,26,3,Nivose,Snow,Tin,https://en.wikipedia.org/wiki/Tin
117,27,3,Nivose,Snow,Lead,https://en.wikipedia.org/wiki/Lead
118,28,3,Nivose,Snow,Zinc,https://en.wikipedia.org/wiki/Zinc
119,29,3,Nivose,Snow,Mercury,https://en.wikipedia.org/wiki/Mercury
120,30,3,Nivose,Snow,"the Sieve",https://en.wikipedia.org/wiki/Sieve
121,1,1,Pluviose,Rain,Spurge-laurel,https://en.wikipedia.org/wiki/Spurge-laurel
122,2,1,Pluviose,Rain,Moss,https://en.wikipedia.org/wiki/Moss
123,3,1,Pluviose,Rain,"Butcher's Broom",https://en.wikipedia.org/wiki/Ruscus_aculeatus
124,4,1,Pluviose,Rain,Snowdrop,https://en.wikipedia.org/wiki/Snowdrop
125,5,1,Pluviose,Rain,Bulls,https://en.wikipedia.org/wiki/Cattle
126,6,1,Pluviose,Rain,Laurustinus,https://en.wikipedia.org/wiki/Laurustinus
127,7,1,Pluviose,Rain,"Tinder polypore",https://en.wikipedia.org/wiki/Fomes_fomentarius
128,8,1,Pluviose,Rain,"Daphne mezereum",https://en.wikipedia.org/wiki/Daphne_mezereum
129,9,1,Pluviose,Rain,Poplar,https://en.wikipedia.org/wiki/Poplar
130,10,1,Pluviose,Rain,"the Axe",https://en.wikipedia.org/wiki/Axe
131,11,2,Pluviose,Rain,Hellebore,https://en.wikipedia.org/wiki/Hellebore
132,12,2,Pluviose,Rain,Broccoli,https://en.wikipedia.org/wiki/Broccoli
133,13,2,Pluviose,Rain,"Bay laurel",https://en.wikipedia.org/wiki/Bay_laurel
134,14,2,Pluviose,Rain,Filbert,https://en.wikipedia.org/wiki/Filbert
135,15,2,Pluviose,Rain,Cows,https://en.wikipedia.org/wiki/Cows
136,16,2,Pluviose,Rain,"the Boxwood",https://en.wikipedia.org/wiki/Box_(tree)
137,17,2,Pluviose,Rain,Lichen,https://en.wikipedia.org/wiki/Lichen
138,18,2,Pluviose,Rain,"the Yew",https://en.wikipedia.org/wiki/Taxus_baccata
139,19,2,Pluviose,Rain,Lungwort,https://en.wikipedia.org/wiki/Lungwort
140,20,2,Pluviose,Rain,"the Billhook",https://en.wikipedia.org/wiki/Billhook
141,21,3,Pluviose,Rain,Pennycress,https://en.wikipedia.org/wiki/Pennycress
142,22,3,Pluviose,Rain,"Rose Daphne",https://en.wikipedia.org/wiki/Daphne_cneorum
143,23,3,Pluviose,Rain,"Couch grass",https://en.wikipedia.org/wiki/Elymus_repens
144,24,3,Pluviose,Rain,"Common Knotgrass",https://en.wikipedia.org/wiki/Polygonum_aviculare
145,25,3,Pluviose,Rain,Hares,https://en.wikipedia.org/wiki/Hare
146,26,3,Pluviose,Rain,Woad,https://en.wikipedia.org/wiki/Woad
147,27,3,Pluviose,Rain,Hazel,https://en.wikipedia.org/wiki/Hazel
148,28,3,Pluviose,Rain,Cyclamen,https://en.wikipedia.org/wiki/Cyclamen
149,29,3,Pluviose,Rain,Celandine,https://en.wikipedia.org/wiki/Greater_celandine
150,30,3,Pluviose,Rain,"the Sleigh",https://en.wikipedia.org/wiki/Sleigh
151,1,1,Ventose,Wind,Coltsfoot,https://en.wikipedia.org/wiki/Tussilago
152,2,1,Ventose,Wind,Dogwood,https://en.wikipedia.org/wiki/Dogwood
153,3,1,Ventose,Wind,Matthiola,https://en.wikipedia.org/wiki/Matthiola
154,4,1,Ventose,Wind,Privet,https://en.wikipedia.org/wiki/Privet
155,5,1,Ventose,Wind,Billygoats,https://en.wikipedia.org/wiki/Goat
156,6,1,Ventose,Wind,"Wild ginger",https://en.wikipedia.org/wiki/Asarum
157,7,1,Ventose,Wind,"Italian Buckthorn",https://en.wikipedia.org/wiki/Rhamnus_alaternus
158,8,1,Ventose,Wind,Violet,https://en.wikipedia.org/wiki/Viola_(plant)
159,9,1,Ventose,Wind,"Goat Willow",https://en.wikipedia.org/wiki/Salix_caprea
160,10,1,Ventose,Wind,"the Spade",https://en.wikipedia.org/wiki/Spade
161,11,2,Ventose,Wind,Narcissus,https://en.wikipedia.org/wiki/Narcissus
162,12,2,Ventose,Wind,"the Elm",https://en.wikipedia.org/wiki/Elm
163,13,2,Ventose,Wind,"Common fumitory",https://en.wikipedia.org/wiki/Fumaria_officinalis
164,14,2,Ventose,Wind,"Hedge mustard",https://en.wikipedia.org/wiki/Sisymbrium_officinale
165,15,2,Ventose,Wind,Goats,https://en.wikipedia.org/wiki/Goats
166,16,2,Ventose,Wind,Spinach,https://en.wikipedia.org/wiki/Spinach
167,17,2,Ventose,Wind,Doronicum,https://en.wikipedia.org/wiki/Doronicum
168,18,2,Ventose,Wind,Pimpernel,https://en.wikipedia.org/wiki/Pimpernel
169,19,2,Ventose,Wind,Chervil,https://en.wikipedia.org/wiki/Chervil
170,20,2,Ventose,Wind,Twine,https://en.wikipedia.org/wiki/Twine
171,21,3,Ventose,Wind,Mandrake,https://en.wikipedia.org/wiki/Mandrake
172,22,3,Ventose,Wind,Parsley,https://en.wikipedia.org/wiki/Parsley
173,23,3,Ventose,Wind,Scurvy-grass,https://en.wikipedia.org/wiki/Scurvy-grass
174,24,3,Ventose,Wind,Daisies,https://en.wikipedia.org/wiki/Bellis_perennis
175,25,3,Ventose,Wind,Tuna,https://en.wikipedia.org/wiki/Tuna
176,26,3,Ventose,Wind,Dandelions,https://en.wikipedia.org/wiki/Dandelions
177,27,3,Ventose,Wind,"Wood Anemone",https://en.wikipedia.org/wiki/Anemone_nemorosa
178,28,3,Ventose,Wind,"the Maidenhair fern",https://en.wikipedia.org/wiki/Adiantum_capillus-veneris
179,29,3,Ventose,Wind,"Ash tree",https://en.wikipedia.org/wiki/Fraxinus
180,30,3,Ventose,Wind,"the Dibber",https://en.wikipedia.org/wiki/Dibber
181,1,1,Germinal,Sprouting,Primrose,https://en.wikipedia.org/wiki/Primrose
182,2,1,Germinal,Sprouting,"the Plane tree",https://en.wikipedia.org/wiki/Platanus
183,3,1,Germinal,Sprouting,Asparagus,https://en.wikipedia.org/wiki/Asparagus
184,4,1,Germinal,Sprouting,Tulip,https://en.wikipedia.org/wiki/Tulip
185,5,1,Germinal,Sprouting,Hens,https://en.wikipedia.org/wiki/Chicken
186,6,1,Germinal,Sprouting,Chard,https://en.wikipedia.org/wiki/Chard
187,7,1,Germinal,Sprouting,"the Birch",https://en.wikipedia.org/wiki/Birch
188,8,1,Germinal,Sprouting,Daffodils,https://en.wikipedia.org/wiki/Daffodils
189,9,1,Germinal,Sprouting,"the Alder",https://en.wikipedia.org/wiki/Alder
190,10,1,Germinal,Sprouting,"the Incubator",https://en.wikipedia.org/wiki/Incubator_(egg)
191,11,2,Germinal,Sprouting,Periwinkle,https://en.wikipedia.org/wiki/Periwinkle
192,12,2,Germinal,Sprouting,Hornbeam,https://en.wikipedia.org/wiki/Hornbeam
193,13,2,Germinal,Sprouting,Morels,https://en.wikipedia.org/wiki/Morels
194,14,2,Germinal,Sprouting,"Beech trees",https://en.wikipedia.org/wiki/Fagus_sylvatica
195,15,2,Germinal,Sprouting,Bees,https://en.wikipedia.org/wiki/Bees
196,16,2,Germinal,Sprouting,Lettuce,https://en.wikipedia.org/wiki/Lettuce
197,17,2,Germinal,Sprouting,"the Larch",https://en.wikipedia.org/wiki/Larch
198,18,2,Germinal,Sprouting,Hemlock,https://en.wikipedia.org/wiki/Hemlock
199,19,2,Germinal,Sprouting,"the Radish",https://en.wikipedia.org/wiki/Radish
200,20,2,Germinal,Sprouting,"the Hive",https://en.wikipedia.org/wiki/Beehive_(beekeeping)
201,21,3,Germinal,Sprouting,"the Judas tree",https://en.wikipedia.org/wiki/Cercis
202,22,3,Germinal,Sprouting,"Romaine lettuce",https://en.wikipedia.org/wiki/Romaine_lettuce
203,23,3,Germinal,Sprouting,"Horse chestnuts",https://en.wikipedia.org/wiki/Aesculus_hippocastanum
204,24,3,Germinal,Sprouting,Arugula,https://en.wikipedia.org/wiki/Arugula
205,25,3,Germinal,Sprouting,Pigeons,https://en.wikipedia.org/wiki/Pigeon
206,26,3,Germinal,Sprouting,Lilac,https://en.wikipedia.org/wiki/Lilac
207,27,3,Germinal,Sprouting,Anemone,https://en.wikipedia.org/wiki/Anemone
208,28,3,Germinal,Sprouting,Pansies,https://en.wikipedia.org/wiki/Pansies
209,29,3,Germinal,Sprouting,Bilberries,https://en.wikipedia.org/wiki/Bilberries
210,30,3,Germinal,Sprouting,"the Grafting knife",https://en.wikipedia.org/wiki/Grafter
211,1,1,Floreal,Flowers,Roses,https://en.wikipedia.org/wiki/Roses
212,2,1,Floreal,Flowers,"the Oak",https://en.wikipedia.org/wiki/Oak
213,3,1,Floreal,Flowers,Ferns,https://en.wikipedia.org/wiki/Fern
214,4,1,Floreal,Flowers,Hawthorn,https://en.wikipedia.org/wiki/Crataegus
215,5,1,Floreal,Flowers,Nightengales,https://en.wikipedia.org/wiki/Nightingale
216,6,1,Floreal,Flowers,"Common Columbine",https://en.wikipedia.org/wiki/Aquilegia_vulgaris
217,7,1,Floreal,Flowers,"Lily of the valley",https://en.wikipedia.org/wiki/Lily_of_the_valley
218,8,1,Floreal,Flowers,"Button mushrooms",https://en.wikipedia.org/wiki/Agaricus_bisporus
219,9,1,Floreal,Flowers,Hyacinth,https://en.wikipedia.org/wiki/Hyacinth
220,10,1,Floreal,Flowers,"the Rake",https://en.wikipedia.org/wiki/Rake_(tool)
221,11,2,Floreal,Flowers,Rhubarb,https://en.wikipedia.org/wiki/Rhubarb
222,12,2,Floreal,Flowers,Sainfoin,https://en.wikipedia.org/wiki/Sainfoin
223,13,2,Floreal,Flowers,Wallflower,https://en.wikipedia.org/wiki/Wallflower
224,14,2,Floreal,Flowers,"the Fan Palm",https://en.wikipedia.org/wiki/Chamaerops
225,15,2,Floreal,Flowers,Silkworms,https://en.wikipedia.org/wiki/Silkworm
226,16,2,Floreal,Flowers,Comfrey,https://en.wikipedia.org/wiki/Comfrey
227,17,2,Floreal,Flowers,"Salad burnet",https://en.wikipedia.org/wiki/Salad_burnet
228,18,2,Floreal,Flowers,"Basket of Gold",https://en.wikipedia.org/wiki/Aurinia_saxatilis
229,19,2,Floreal,Flowers,Orache,https://en.wikipedia.org/wiki/Orache
230,20,2,Floreal,Flowers,"the Weeding hoe",https://en.wikipedia.org/wiki/Hoe_(tool)
231,21,3,Floreal,Flowers,"Sea thrift",https://en.wikipedia.org/wiki/Armeria_maritima
232,22,3,Floreal,Flowers,Fritillary,https://en.wikipedia.org/wiki/Fritillary
233,23,3,Floreal,Flowers,Borage,https://en.wikipedia.org/wiki/Borage
234,24,3,Floreal,Flowers,Valerian,https://en.wikipedia.org/wiki/Valerian
235,25,3,Floreal,Flowers,Carp,https://en.wikipedia.org/wiki/Carp
236,26,3,Floreal,Flowers,"Spindle shrubs",https://en.wikipedia.org/wiki/Euonymus
237,27,3,Floreal,Flowers,Chive,https://en.wikipedia.org/wiki/Chive
238,28,3,Floreal,Flowers,Bugloss,https://en.wikipedia.org/wiki/Anchusa
239,29,3,Floreal,Flowers,"White mustard",https://en.wikipedia.org/wiki/White_mustard
240,30,3,Floreal,Flowers,"the Shepherd's crook",https://en.wikipedia.org/wiki/Shepherd%27s_crook
241,1,1,Prairial,Meadows,Alfalfa,https://en.wikipedia.org/wiki/Alfalfa
242,2,1,Prairial,Meadows,Daylily,https://en.wikipedia.org/wiki/Daylily
243,3,1,Prairial,Meadows,Clover,https://en.wikipedia.org/wiki/Clover
244,4,1,Prairial,Meadows,Angelica,https://en.wikipedia.org/wiki/Angelica
245,5,1,Prairial,Meadows,Ducks,https://en.wikipedia.org/wiki/Duck
246,6,1,Prairial,Meadows,"Lemon balm",https://en.wikipedia.org/wiki/Lemon_balm
247,7,1,Prairial,Meadows,"Oat grass",https://en.wikipedia.org/wiki/Arrhenatherum
248,8,1,Prairial,Meadows,"Maragon lily",https://en.wikipedia.org/wiki/Lilium_martagon
249,9,1,Prairial,Meadows,"Wild Thyme",https://en.wikipedia.org/wiki/Thymus_serpyllum
250,10,1,Prairial,Meadows,"the Scythe",https://en.wikipedia.org/wiki/Scythe
251,11,2,Prairial,Meadows,Strawberries,https://en.wikipedia.org/wiki/Strawberries
252,12,2,Prairial,Meadows,Betony,https://en.wikipedia.org/wiki/Stachys_officinalis
253,13,2,Prairial,Meadows,Peas,https://en.wikipedia.org/wiki/Pea
254,14,2,Prairial,Meadows,Acacia,https://en.wikipedia.org/wiki/Acacia
255,15,2,Prairial,Meadows,Quails,https://en.wikipedia.org/wiki/Quails
256,16,2,Prairial,Meadows,Carnations,https://en.wikipedia.org/wiki/Carnations
257,17,2,Prairial,Meadows,Elderberries,https://en.wikipedia.org/wiki/Elderberries
258,18,2,Prairial,Meadows,Poppies,https://en.wikipedia.org/wiki/Papaver_rhoeas
259,19,2,Prairial,Meadows,"Linden trees",https://en.wikipedia.org/wiki/Tilia_cordata
260,20,2,Prairial,Meadows,"the Pitchfork",https://en.wikipedia.org/wiki/Pitchfork
261,21,3,Prairial,Meadows,Cornflower,https://en.wikipedia.org/wiki/Cornflower
262,22,3,Prairial,Meadows,Camomile,https://en.wikipedia.org/wiki/Camomile
263,23,3,Prairial,Meadows,Honeysuckle,https://en.wikipedia.org/wiki/Honeysuckle
264,24,3,Prairial,Meadows,Bedstraw,https://en.wikipedia.org/wiki/Bedstraw
265,25,3,Prairial,Meadows,"the Tench",https://en.wikipedia.org/wiki/Tench
266,26,3,Prairial,Meadows,Jasmine,https://en.wikipedia.org/wiki/Jasmine
267,27,3,Prairial,Meadows,Verbena,https://en.wikipedia.org/wiki/Verbena
268,28,3,Prairial,Meadows,Thyme,https://en.wikipedia.org/wiki/Thyme
269,29,3,Prairial,Meadows,Peony,https://en.wikipedia.org/wiki/Peony
270,30,3,Prairial,Meadows,"the Hand Cart",https://en.wikipedia.org/wiki/Handcart
271,1,1,Messidor,Harvest,Rye,https://en.wikipedia.org/wiki/Rye
272,2,1,Messidor,Harvest,Oat,https://en.wikipedia.org/wiki/Oat
273,3,1,Messidor,Harvest,Onions,https://en.wikipedia.org/wiki/Onions
274,4,1,Messidor,Harvest,Speedwell,https://en.wikipedia.org/wiki/Veronica_(plant)
275,5,1,Messidor,Harvest,Mules,https://en.wikipedia.org/wiki/Mule
276,6,1,Messidor,Harvest,Rosemary,https://en.wikipedia.org/wiki/Rosemary
277,7,1,Messidor,Harvest,Cucumbers,https://en.wikipedia.org/wiki/Cucumbers
278,8,1,Messidor,Harvest,Shallots,https://en.wikipedia.org/wiki/Shallots
279,9,1,Messidor,Harvest,Wormwood,https://en.wikipedia.org/wiki/Wormwood
280,10,1,Messidor,Harvest,"the Sickle",https://en.wikipedia.org/wiki/Sickle
281,11,2,Messidor,Harvest,Coriander,https://en.wikipedia.org/wiki/Coriander
282,12,2,Messidor,Harvest,Artichokes,https://en.wikipedia.org/wiki/Artichokes
283,13,2,Messidor,Harvest,Clove,https://en.wikipedia.org/wiki/Clove
284,14,2,Messidor,Harvest,Lavender,https://en.wikipedia.org/wiki/Lavender
285,15,2,Messidor,Harvest,Chamois,https://en.wikipedia.org/wiki/Chamois
286,16,2,Messidor,Harvest,Tobacco,https://en.wikipedia.org/wiki/Tobacco
287,17,2,Messidor,Harvest,Redcurrant,https://en.wikipedia.org/wiki/Redcurrant
288,18,2,Messidor,Harvest,"Hairy Vetchling",https://en.wikipedia.org/wiki/Lathyrus
289,19,2,Messidor,Harvest,Cherries,https://en.wikipedia.org/wiki/Cherries
290,20,2,Messidor,Harvest,Parks,https://en.wikipedia.org/wiki/Parks
291,21,3,Messidor,Harvest,Mint,https://en.wikipedia.org/wiki/Mint
292,22,3,Messidor,Harvest,Cumin,https://en.wikipedia.org/wiki/Cumin
293,23,3,Messidor,Harvest,Beans,https://en.wikipedia.org/wiki/Beans
294,24,3,Messidor,Harvest,Alkanet,https://en.wikipedia.org/wiki/Alkanet
295,25,3,Messidor,Harvest,"the Guineafowl",https://en.wikipedia.org/wiki/Guineafowl
296,26,3,Messidor,Harvest,Sage,https://en.wikipedia.org/wiki/Salvia_officinalis
297,27,3,Messidor,Harvest,Garlic,https://en.wikipedia.org/wiki/Garlic
298,28,3,Messidor,Harvest,Tare,https://en.wikipedia.org/wiki/Vicia_sativa
299,29,3,Messidor,Harvest,Wheat,https://en.wikipedia.org/wiki/Wheat
300,30,3,Messidor,Harvest,"the Shawm",https://en.wikipedia.org/wiki/Shawm
301,1,1,Thermidor,Heat,Spelt,https://en.wikipedia.org/wiki/Spelt
302,2,1,Thermidor,Heat,"Common mullein",https://en.wikipedia.org/wiki/Common_mullein
303,3,1,Thermidor,Heat,Melon,https://en.wikipedia.org/wiki/Melon
304,4,1,Thermidor,Heat,Ryegrass,https://en.wikipedia.org/wiki/Ryegrass
305,5,1,Thermidor,Heat,Rams,https://en.wikipedia.org/wiki/Sheep
306,6,1,Thermidor,Heat,Horsetail,https://en.wikipedia.org/wiki/Horsetail
307,7,1,Thermidor,Heat,Mugwort,https://en.wikipedia.org/wiki/Mugwort
308,8,1,Thermidor,Heat,Safflower,https://en.wikipedia.org/wiki/Safflower
309,9,1,Thermidor,Heat,Blackberry,https://en.wikipedia.org/wiki/Blackberry
310,10,1,Thermidor,Heat,"the Watering can",https://en.wikipedia.org/wiki/Watering_can
311,11,2,Thermidor,Heat,"Foxtail millet",https://en.wikipedia.org/wiki/Panicum_italicum
312,12,2,Thermidor,Heat,Glasswort,https://en.wikipedia.org/wiki/Glasswort
313,13,2,Thermidor,Heat,Apricots,https://en.wikipedia.org/wiki/Apricots
314,14,2,Thermidor,Heat,Basil,https://en.wikipedia.org/wiki/Basil
315,15,2,Thermidor,Heat,Ewes,https://en.wikipedia.org/wiki/Sheep
316,16,2,Thermidor,Heat,Marshmallow,https://en.wikipedia.org/wiki/Althaea_officinalis
317,17,2,Thermidor,Heat,Flax,https://en.wikipedia.org/wiki/Flax
318,18,2,Thermidor,Heat,Almonds,https://en.wikipedia.org/wiki/Almonds
319,19,2,Thermidor,Heat,Gentian,https://en.wikipedia.org/wiki/Gentian
320,20,2,Thermidor,Heat,"the Lock",https://en.wikipedia.org/wiki/Lock_(water_transport)
321,21,3,Thermidor,Heat,"Carline thistle",https://en.wikipedia.org/wiki/Carline_thistle
322,22,3,Thermidor,Heat,Capers,https://en.wikipedia.org/wiki/Capers
323,23,3,Thermidor,Heat,Lentils,https://en.wikipedia.org/wiki/Lentils
324,24,3,Thermidor,Heat,Inula,https://en.wikipedia.org/wiki/Inula
325,25,3,Thermidor,Heat,Otters,https://en.wikipedia.org/wiki/Otters
326,26,3,Thermidor,Heat,Myrtle,https://en.wikipedia.org/wiki/Myrtus
327,27,3,Thermidor,Heat,Rapeseed,https://en.wikipedia.org/wiki/Rapeseed
328,28,3,Thermidor,Heat,Lupin,https://en.wikipedia.org/wiki/Lupin
329,29,3,Thermidor,Heat,Cotton,https://en.wikipedia.org/wiki/Cotton
330,30,3,Thermidor,Heat,"the Mill",https://en.wikipedia.org/wiki/Windmill
331,1,1,Fructidor,Fruitfulness,Plums,https://en.wikipedia.org/wiki/Plums
332,2,1,Fructidor,Fruitfulness,Millet,https://en.wikipedia.org/wiki/Millet
333,3,1,Fructidor,Fruitfulness,Puffballs,https://en.wikipedia.org/wiki/Puffballs
334,4,1,Fructidor,Fruitfulness,"Six-row Barley",https://greatlakesstapleseeds.com/collections/6-row-barley
335,5,1,Fructidor,Fruitfulness,Salmon,https://en.wikipedia.org/wiki/Salmon
336,6,1,Fructidor,Fruitfulness,Tuberose,https://en.wikipedia.org/wiki/Tuberose
337,7,1,Fructidor,Fruitfulness,"Winter Barley",https://www.gardeningknowhow.com/edible/grains/cover-crops/growing-barley-cover-crop.htm
338,8,1,Fructidor,Fruitfulness,Apocynum,https://en.wikipedia.org/wiki/Apocynaceae
339,9,1,Fructidor,Fruitfulness,Liquorice,https://en.wikipedia.org/wiki/Liquorice
340,10,1,Fructidor,Fruitfulness,"the Ladder",https://en.wikipedia.org/wiki/Ladder
341,11,2,Fructidor,Fruitfulness,Watermelon,https://en.wikipedia.org/wiki/Watermelon
342,12,2,Fructidor,Fruitfulness,Fennel,https://en.wikipedia.org/wiki/Fennel
343,13,2,Fructidor,Fruitfulness,"European Barberry",https://en.wikipedia.org/wiki/Berberis_vulgaris
344,14,2,Fructidor,Fruitfulness,Walnuts,https://en.wikipedia.org/wiki/Walnuts
345,15,2,Fructidor,Fruitfulness,Trout,https://en.wikipedia.org/wiki/Trout
346,16,2,Fructidor,Fruitfulness,Lemons,https://en.wikipedia.org/wiki/Lemons
347,17,2,Fructidor,Fruitfulness,Teasel,https://en.wikipedia.org/wiki/Teasel
348,18,2,Fructidor,Fruitfulness,Buckthorn,https://en.wikipedia.org/wiki/Buckthorn
349,19,2,Fructidor,Fruitfulness,"the Marigold",https://en.wikipedia.org/wiki/Calendula_officinalis
350,20,2,Fructidor,Fruitfulness,"the Harvesting basket",https://en.wikipedia.org/wiki/Basket
351,21,3,Fructidor,Fruitfulness,"Wild Roses",https://en.wikipedia.org/wiki/Rosa_canina
352,22,3,Fructidor,Fruitfulness,Hazelnuts,https://en.wikipedia.org/wiki/Hazelnuts
353,23,3,Fructidor,Fruitfulness,Hops,https://en.wikipedia.org/wiki/Hops
354,24,3,Fructidor,Fruitfulness,Sorghum,https://en.wikipedia.org/wiki/Sorghum
355,25,3,Fructidor,Fruitfulness,Crayfish,https://en.wikipedia.org/wiki/Crayfish
356,26,3,Fructidor,Fruitfulness,"Bitter orange",https://en.wikipedia.org/wiki/Bitter_orange
357,27,3,Fructidor,Fruitfulness,Goldenrod,https://en.wikipedia.org/wiki/Goldenrod
358,28,3,Fructidor,Fruitfulness,Corn,https://en.wikipedia.org/wiki/Maize
359,29,3,Fructidor,Fruitfulness,"the Sweet Chestnut",https://en.wikipedia.org/wiki/Sweet_Chestnut
360,30,3,Fructidor,Fruitfulness,"the Pack Basket",https://en.wikipedia.org/wiki/Basket
361,1,1,Sansculottides,"Complementary Days",Virtue,https://en.wikipedia.org/wiki/Virtue
362,2,1,Sansculottides,"Complementary Days",Talent,https://en.wikipedia.org/wiki/Aptitude
363,3,1,Sansculottides,"Complementary Days",Labor,https://en.wikipedia.org/wiki/Work_(human_activity)
364,4,1,Sansculottides,"Complementary Days",Conviction,https://en.wikipedia.org/wiki/Axiom
365,5,1,Sansculottides,"Complementary Days",Honor,https://en.wikipedia.org/wiki/Award
366,6,1,Sansculottides,"Complementary Days",Revoution,https://en.wikipedia.org/wiki/Revolution
