month,month_of,day,item,item_url
Vendémiaire,Vintage,1,Grapes,https://en.wikipedia.org/wiki/Grape
Vendémiaire,Vintage,2,Saffron,https://en.wikipedia.org/wiki/Saffron
Vendémiaire,Vintage,3,Chestnuts,https://en.wikipedia.org/wiki/Chestnuts
Vendémiaire,Vintage,4,Autumn Crocus,https://en.wikipedia.org/wiki/Colchicum_autumnale
Vendémiaire,Vintage,5,Horses,https://en.wikipedia.org/wiki/Horses
Vendémiaire,Vintage,6,Impatiens,https://en.wikipedia.org/wiki/Impatiens
Vendémiaire,Vintage,7,Carrots,https://en.wikipedia.org/wiki/Carrots
Vendémiaire,Vintage,8,Amaranth,https://en.wikipedia.org/wiki/Amaranth
Vendémiaire,Vintage,9,Parsnips,https://en.wikipedia.org/wiki/Parsnips
Vendémiaire,Vintage,10,Vats,https://en.wikipedia.org/wiki/Storage_tank
Vendémiaire,Vintage,11,Potatoes,https://en.wikipedia.org/wiki/Potatoes
Vendémiaire,Vintage,12,Strawflower,https://en.wikipedia.org/wiki/Strawflower
Vendémiaire,Vintage,13,Winter squash,https://en.wikipedia.org/wiki/Winter_squash
Vendémiaire,Vintage,14,Mignonette,https://en.wikipedia.org/wiki/Mignonette
Vendémiaire,Vintage,15,Donkeys,https://en.wikipedia.org/wiki/Donkeys
Vendémiaire,Vintage,16,Four o'clock flowers,https://en.wikipedia.org/wiki/Mirabilis_jalapa
Vendémiaire,Vintage,17,Pumpkins,https://en.wikipedia.org/wiki/Pumpkins
Vendémiaire,Vintage,18,Buckwheat,https://en.wikipedia.org/wiki/Buckwheat
Vendémiaire,Vintage,19,Sunflowers,https://en.wikipedia.org/wiki/Sunflowers
Vendémiaire,Vintage,20,the Wine-Press,https://en.wikipedia.org/wiki/Fruit_press
Vendémiaire,Vintage,21,Hemp,https://en.wikipedia.org/wiki/Hemp
Vendémiaire,Vintage,22,Peaches,https://en.wikipedia.org/wiki/Peaches
Vendémiaire,Vintage,23,Turnips,https://en.wikipedia.org/wiki/Turnips
Vendémiaire,Vintage,24,Amaryllis,https://en.wikipedia.org/wiki/Amaryllis
Vendémiaire,Vintage,25,Oxen,https://en.wikipedia.org/wiki/Oxen
Vendémiaire,Vintage,26,Eggplants,https://en.wikipedia.org/wiki/Eggplants
Vendémiaire,Vintage,27,Chili Peppers,https://en.wikipedia.org/wiki/Chili_pepper
Vendémiaire,Vintage,28,Tomatoes,https://en.wikipedia.org/wiki/Tomatoes
Vendémiaire,Vintage,29,Barley,https://en.wikipedia.org/wiki/Barley
Vendémiaire,Vintage,30,the Barrel,https://en.wikipedia.org/wiki/Barrel#Beverage_maturing
Brumaire,Mist,1,Apples,https://en.wikipedia.org/wiki/Apples
Brumaire,Mist,2,Celery,https://en.wikipedia.org/wiki/Celery
Brumaire,Mist,3,Pears,https://en.wikipedia.org/wiki/Pears
Brumaire,Mist,4,Beetroot,https://en.wikipedia.org/wiki/Beetroot
Brumaire,Mist,5,Geese,https://en.wikipedia.org/wiki/Geese
Brumaire,Mist,6,Heliotrope,https://en.wikipedia.org/wiki/Heliotropium
Brumaire,Mist,7,the Common fig,https://en.wikipedia.org/wiki/Common_fig
Brumaire,Mist,8,Black Salsify,https://en.wikipedia.org/wiki/Scorzonera_hispanica
Brumaire,Mist,9,the Chequer Tree,https://en.wikipedia.org/wiki/Sorbus_torminalis
Brumaire,Mist,10,the Plough,https://en.wikipedia.org/wiki/Plough
Brumaire,Mist,11,Salsify,https://en.wikipedia.org/wiki/Tragopogon_porrifolius
Brumaire,Mist,12,Water caltrop,https://en.wikipedia.org/wiki/Water_caltrop
Brumaire,Mist,13,Jerusalem artichokes,https://en.wikipedia.org/wiki/Jerusalem_artichoke
Brumaire,Mist,14,Endives,https://en.wikipedia.org/wiki/Endives
Brumaire,Mist,15,Turkeys,https://en.wikipedia.org/wiki/Turkeys
Brumaire,Mist,16,Skirret,https://en.wikipedia.org/wiki/Skirret
Brumaire,Mist,17,Watercress,https://en.wikipedia.org/wiki/Watercress
Brumaire,Mist,18,Leadworts,https://en.wikipedia.org/wiki/Leadworts
Brumaire,Mist,19,Pomegranates,https://en.wikipedia.org/wiki/Pomegranates
Brumaire,Mist,20,the Harrow,https://en.wikipedia.org/wiki/Harrow_(tool)
Brumaire,Mist,21,Baccharis,https://en.wikipedia.org/wiki/Baccharis
Brumaire,Mist,22,Azarole,https://en.wikipedia.org/wiki/Azarole
Brumaire,Mist,23,Madder,https://en.wikipedia.org/wiki/Madder
Brumaire,Mist,24,Oranges,https://en.wikipedia.org/wiki/Oranges
Brumaire,Mist,25,the Pheasant,https://en.wikipedia.org/wiki/Pheasant
Brumaire,Mist,26,Pistachios,https://en.wikipedia.org/wiki/Pistachios
Brumaire,Mist,27,Tuberous peas,https://en.wikipedia.org/wiki/Lathyrus_tuberosus
Brumaire,Mist,28,Quince,https://en.wikipedia.org/wiki/Quince
Brumaire,Mist,29,the Service tree,https://en.wikipedia.org/wiki/Sorbus_domestica
Brumaire,Mist,30,the Roller,https://en.wikipedia.org/wiki/Roller_(agricultural_tool)
Frimaire,Frost,1,Rampion,https://en.wikipedia.org/wiki/Phyteuma
Frimaire,Frost,2,Cattle turnips,https://en.wikipedia.org/wiki/Turnip
Frimaire,Frost,3,Chicory,https://en.wikipedia.org/wiki/Chicory
Frimaire,Frost,4,Medlar,https://en.wikipedia.org/wiki/Medlar
Frimaire,Frost,5,Pigs,https://en.wikipedia.org/wiki/Pigs
Frimaire,Frost,6,Lamb's lettuce,https://en.wikipedia.org/wiki/Valerianella_locusta
Frimaire,Frost,7,Cauliflower,https://en.wikipedia.org/wiki/Cauliflower
Frimaire,Frost,8,Honey,https://en.wikipedia.org/wiki/Honey
Frimaire,Frost,9,Juniper,https://en.wikipedia.org/wiki/Juniper
Frimaire,Frost,10,the Pickaxe,https://en.wikipedia.org/wiki/Pickaxe
Frimaire,Frost,11,Wax,https://en.wikipedia.org/wiki/Wax
Frimaire,Frost,12,Horseradish,https://en.wikipedia.org/wiki/Horseradish
Frimaire,Frost,13,the Cedar tree,https://en.wikipedia.org/wiki/Cedrus
Frimaire,Frost,14,the Fir,https://en.wikipedia.org/wiki/Fir
Frimaire,Frost,15,Roe Deer,https://en.wikipedia.org/wiki/Roe_deer
Frimaire,Frost,16,Gorse,https://en.wikipedia.org/wiki/Gorse
Frimaire,Frost,17,the Cypress tree,https://en.wikipedia.org/wiki/Cupressus_sempervirens
Frimaire,Frost,18,Ivy,https://en.wikipedia.org/wiki/Ivy
Frimaire,Frost,19,Savin Juniper,https://en.wikipedia.org/wiki/Juniperus_sabina
Frimaire,Frost,20,the Grub-hoe,https://en.wikipedia.org/wiki/Hoe_(tool)
Frimaire,Frost,21,the Sugar Maple,https://en.wikipedia.org/wiki/Acer_saccharum
Frimaire,Frost,22,Heather,https://en.wikipedia.org/wiki/Calluna
Frimaire,Frost,23,Reeds,https://en.wikipedia.org/wiki/Reed_(plant)
Frimaire,Frost,24,Sorrel,https://en.wikipedia.org/wiki/Sorrel
Frimaire,Frost,25,Crickets,https://en.wikipedia.org/wiki/Crickets
Frimaire,Frost,26,Pine nuts,https://en.wikipedia.org/wiki/Pine_nut
Frimaire,Frost,27,Cork,https://en.wikipedia.org/wiki/Quercus_suber
Frimaire,Frost,28,Truffles,https://en.wikipedia.org/wiki/Truffles
Frimaire,Frost,29,Olives,https://en.wikipedia.org/wiki/Olives
Frimaire,Frost,30,Shovels,https://en.wikipedia.org/wiki/Shovels
Nivôse,Snow,1,Peat,https://en.wikipedia.org/wiki/Peat
Nivôse,Snow,2,Coal,https://en.wikipedia.org/wiki/Coal
Nivôse,Snow,3,Bitumen,https://en.wikipedia.org/wiki/Bitumen
Nivôse,Snow,4,Sulphur,https://en.wikipedia.org/wiki/Sulphur
Nivôse,Snow,5,Dogs,https://en.wikipedia.org/wiki/Dogs
Nivôse,Snow,6,Lava,https://en.wikipedia.org/wiki/Lava
Nivôse,Snow,7,Topsoil,https://en.wikipedia.org/wiki/Topsoil
Nivôse,Snow,8,Manure,https://en.wikipedia.org/wiki/Manure
Nivôse,Snow,9,Saltpeter,https://en.wikipedia.org/wiki/Saltpeter
Nivôse,Snow,10,the Flail,https://en.wikipedia.org/wiki/Flail_(agriculture)
Nivôse,Snow,11,Granite,https://en.wikipedia.org/wiki/Granite
Nivôse,Snow,12,Clay,https://en.wikipedia.org/wiki/Clay
Nivôse,Snow,13,Slate,https://en.wikipedia.org/wiki/Slate
Nivôse,Snow,14,Sandstone,https://en.wikipedia.org/wiki/Sandstone
Nivôse,Snow,15,the Rabbit,https://en.wikipedia.org/wiki/Rabbit
Nivôse,Snow,16,Flint,https://en.wikipedia.org/wiki/Flint
Nivôse,Snow,17,Marl,https://en.wikipedia.org/wiki/Marl
Nivôse,Snow,18,Limestone,https://en.wikipedia.org/wiki/Limestone
Nivôse,Snow,19,Marble,https://en.wikipedia.org/wiki/Marble
Nivôse,Snow,20,the Winnowing Fan,https://en.wikipedia.org/wiki/Winnowing
Nivôse,Snow,21,Gypsum,https://en.wikipedia.org/wiki/Gypsum
Nivôse,Snow,22,Salt,https://en.wikipedia.org/wiki/Salt
Nivôse,Snow,23,Iron,https://en.wikipedia.org/wiki/Iron
Nivôse,Snow,24,Copper,https://en.wikipedia.org/wiki/Copper
Nivôse,Snow,25,Cats,https://en.wikipedia.org/wiki/Cats
Nivôse,Snow,26,Tin,https://en.wikipedia.org/wiki/Tin
Nivôse,Snow,27,Lead,https://en.wikipedia.org/wiki/Lead
Nivôse,Snow,28,Zinc,https://en.wikipedia.org/wiki/Zinc
Nivôse,Snow,29,Mercury,https://en.wikipedia.org/wiki/Mercury
Nivôse,Snow,30,the Sieve,https://en.wikipedia.org/wiki/Sieve
Pluviôse,Rain,1,Spurge-laurel,https://en.wikipedia.org/wiki/Spurge-laurel
Pluviôse,Rain,2,Moss,https://en.wikipedia.org/wiki/Moss
Pluviôse,Rain,3,Butcher's Broom,https://en.wikipedia.org/wiki/Ruscus_aculeatus
Pluviôse,Rain,4,Snowdrop,https://en.wikipedia.org/wiki/Snowdrop
Pluviôse,Rain,5,Bulls,https://en.wikipedia.org/wiki/Cattle
Pluviôse,Rain,6,Laurustinus,https://en.wikipedia.org/wiki/Laurustinus
Pluviôse,Rain,7,Tinder polypore,https://en.wikipedia.org/wiki/Fomes_fomentarius
Pluviôse,Rain,8,Daphne mezereum,https://en.wikipedia.org/wiki/Daphne_mezereum
Pluviôse,Rain,9,Poplar,https://en.wikipedia.org/wiki/Poplar
Pluviôse,Rain,10,the Axe,https://en.wikipedia.org/wiki/Axe
Pluviôse,Rain,11,Hellebore,https://en.wikipedia.org/wiki/Hellebore
Pluviôse,Rain,12,Broccoli,https://en.wikipedia.org/wiki/Broccoli
Pluviôse,Rain,13,Bay laurel,https://en.wikipedia.org/wiki/Bay_laurel
Pluviôse,Rain,14,Filbert,https://en.wikipedia.org/wiki/Filbert
Pluviôse,Rain,15,Cows,https://en.wikipedia.org/wiki/Cows
Pluviôse,Rain,16,the Boxwood,https://en.wikipedia.org/wiki/Box_(tree)
Pluviôse,Rain,17,Lichen,https://en.wikipedia.org/wiki/Lichen
Pluviôse,Rain,18,the Yew,https://en.wikipedia.org/wiki/Taxus_baccata
Pluviôse,Rain,19,Lungwort,https://en.wikipedia.org/wiki/Lungwort
Pluviôse,Rain,20,the Billhook,https://en.wikipedia.org/wiki/Billhook
Pluviôse,Rain,21,Pennycress,https://en.wikipedia.org/wiki/Pennycress
Pluviôse,Rain,22,Rose Daphne,https://en.wikipedia.org/wiki/Daphne_cneorum
Pluviôse,Rain,23,Couch grass,https://en.wikipedia.org/wiki/Elymus_repens
Pluviôse,Rain,24,Common Knotgrass,https://en.wikipedia.org/wiki/Polygonum_aviculare
Pluviôse,Rain,25,Hares,https://en.wikipedia.org/wiki/Hare
Pluviôse,Rain,26,Woad,https://en.wikipedia.org/wiki/Woad
Pluviôse,Rain,27,Hazel,https://en.wikipedia.org/wiki/Hazel
Pluviôse,Rain,28,Cyclamen,https://en.wikipedia.org/wiki/Cyclamen
Pluviôse,Rain,29,Celandine,https://en.wikipedia.org/wiki/Greater_celandine
Pluviôse,Rain,30,the Sleigh,https://en.wikipedia.org/wiki/Sleigh
Ventôse,Wind,1,Coltsfoot,https://en.wikipedia.org/wiki/Tussilago
Ventôse,Wind,2,Dogwood,https://en.wikipedia.org/wiki/Dogwood
Ventôse,Wind,3,Matthiola,https://en.wikipedia.org/wiki/Matthiola
Ventôse,Wind,4,Privet,https://en.wikipedia.org/wiki/Privet
Ventôse,Wind,5,Billygoats,https://en.wikipedia.org/wiki/Goat
Ventôse,Wind,6,Wild ginger,https://en.wikipedia.org/wiki/Asarum
Ventôse,Wind,7,Italian Buckthorn,https://en.wikipedia.org/wiki/Rhamnus_alaternus
Ventôse,Wind,8,Violet,https://en.wikipedia.org/wiki/Viola_(plant)
Ventôse,Wind,9,Goat Willow,https://en.wikipedia.org/wiki/Salix_caprea
Ventôse,Wind,10,the Spade,https://en.wikipedia.org/wiki/Spade
Ventôse,Wind,11,Narcissus,https://en.wikipedia.org/wiki/Narcissus
Ventôse,Wind,12,the Elm,https://en.wikipedia.org/wiki/Elm
Ventôse,Wind,13,Common fumitory,https://en.wikipedia.org/wiki/Fumaria_officinalis
Ventôse,Wind,14,Hedge mustard,https://en.wikipedia.org/wiki/Sisymbrium_officinale
Ventôse,Wind,15,Goats,https://en.wikipedia.org/wiki/Goats
Ventôse,Wind,16,Spinach,https://en.wikipedia.org/wiki/Spinach
Ventôse,Wind,17,Doronicum,https://en.wikipedia.org/wiki/Doronicum
Ventôse,Wind,18,Pimpernel,https://en.wikipedia.org/wiki/Pimpernel
Ventôse,Wind,19,Chervil,https://en.wikipedia.org/wiki/Chervil
Ventôse,Wind,20,Twine,https://en.wikipedia.org/wiki/Twine
Ventôse,Wind,21,Mandrake,https://en.wikipedia.org/wiki/Mandrake
Ventôse,Wind,22,Parsley,https://en.wikipedia.org/wiki/Parsley
Ventôse,Wind,23,Scurvy-grass,https://en.wikipedia.org/wiki/Scurvy-grass
Ventôse,Wind,24,Daisies,https://en.wikipedia.org/wiki/Bellis_perennis
Ventôse,Wind,25,Tuna,https://en.wikipedia.org/wiki/Tuna
Ventôse,Wind,26,Dandelions,https://en.wikipedia.org/wiki/Dandelions
Ventôse,Wind,27,Wood Anemone,https://en.wikipedia.org/wiki/Anemone_nemorosa
Ventôse,Wind,28,Maidenhair fern,https://en.wikipedia.org/wiki/Adiantum_capillus-veneris
Ventôse,Wind,29,Ash tree,https://en.wikipedia.org/wiki/Fraxinus
Ventôse,Wind,30,the Dibber,https://en.wikipedia.org/wiki/Dibber
Germinal,Germination,1,Primrose,https://en.wikipedia.org/wiki/Primrose
Germinal,Germination,2,the Plane tree,https://en.wikipedia.org/wiki/Platanus
Germinal,Germination,3,Asparagus,https://en.wikipedia.org/wiki/Asparagus
Germinal,Germination,4,Tulip,https://en.wikipedia.org/wiki/Tulip
Germinal,Germination,5,Hens,https://en.wikipedia.org/wiki/Chicken
Germinal,Germination,6,Chard,https://en.wikipedia.org/wiki/Chard
Germinal,Germination,7,the Birch,https://en.wikipedia.org/wiki/Birch
Germinal,Germination,8,Daffodils,https://en.wikipedia.org/wiki/Daffodils
Germinal,Germination,9,Alder,https://en.wikipedia.org/wiki/Alder
Germinal,Germination,10,the Incubator,https://en.wikipedia.org/wiki/Incubator_(egg)
Germinal,Germination,11,Periwinkle,https://en.wikipedia.org/wiki/Periwinkle
Germinal,Germination,12,Hornbeam,https://en.wikipedia.org/wiki/Hornbeam
Germinal,Germination,13,Morels,https://en.wikipedia.org/wiki/Morels
Germinal,Germination,14,Beech trees,https://en.wikipedia.org/wiki/Fagus_sylvatica
Germinal,Germination,15,Bees,https://en.wikipedia.org/wiki/Bees
Germinal,Germination,16,Lettuce,https://en.wikipedia.org/wiki/Lettuce
Germinal,Germination,17,the Larch,https://en.wikipedia.org/wiki/Larch
Germinal,Germination,18,Hemlock,https://en.wikipedia.org/wiki/Hemlock
Germinal,Germination,19,the Radish,https://en.wikipedia.org/wiki/Radish
Germinal,Germination,20,the Hive,https://en.wikipedia.org/wiki/Beehive_(beekeeping)
Germinal,Germination,21,the Judas tree,https://en.wikipedia.org/wiki/Cercis
Germinal,Germination,22,Romaine lettuce,https://en.wikipedia.org/wiki/Romaine_lettuce
Germinal,Germination,23,Horse chestnuts,https://en.wikipedia.org/wiki/Aesculus_hippocastanum
Germinal,Germination,24,Arugula,https://en.wikipedia.org/wiki/Arugula
Germinal,Germination,25,Pigeons,https://en.wikipedia.org/wiki/Pigeon
Germinal,Germination,26,Lilac,https://en.wikipedia.org/wiki/Lilac
Germinal,Germination,27,Anemone,https://en.wikipedia.org/wiki/Anemone
Germinal,Germination,28,Pansies,https://en.wikipedia.org/wiki/Pansies
Germinal,Germination,29,Bilberries,https://en.wikipedia.org/wiki/Bilberries
Germinal,Germination,30,the Grafting knife,https://en.wikipedia.org/wiki/Grafter
Floréal,Flowers,1,Roses,https://en.wikipedia.org/wiki/Roses
Floréal,Flowers,2,Oak,https://en.wikipedia.org/wiki/Oak
Floréal,Flowers,3,Ferns,https://en.wikipedia.org/wiki/Fern
Floréal,Flowers,4,Hawthorn,https://en.wikipedia.org/wiki/Crataegus
Floréal,Flowers,5,Nightengales,https://en.wikipedia.org/wiki/Nightingale
Floréal,Flowers,6,Common Columbine,https://en.wikipedia.org/wiki/Aquilegia_vulgaris
Floréal,Flowers,7,Lily of the valley,https://en.wikipedia.org/wiki/Lily_of_the_valley
Floréal,Flowers,8,Button mushrooms,https://en.wikipedia.org/wiki/Agaricus_bisporus
Floréal,Flowers,9,Hyacinth,https://en.wikipedia.org/wiki/Hyacinth
Floréal,Flowers,10,the Rake,https://en.wikipedia.org/wiki/Rake_(tool)
Floréal,Flowers,11,Rhubarb,https://en.wikipedia.org/wiki/Rhubarb
Floréal,Flowers,12,Sainfoin,https://en.wikipedia.org/wiki/Sainfoin
Floréal,Flowers,13,Wallflower,https://en.wikipedia.org/wiki/Wallflower
Floréal,Flowers,14,the Fan Palm,https://en.wikipedia.org/wiki/Chamaerops
Floréal,Flowers,15,Silkworms,https://en.wikipedia.org/wiki/Silkworm
Floréal,Flowers,16,Comfrey,https://en.wikipedia.org/wiki/Comfrey
Floréal,Flowers,17,Salad burnet,https://en.wikipedia.org/wiki/Salad_burnet
Floréal,Flowers,18,Basket of Gold,https://en.wikipedia.org/wiki/Aurinia_saxatilis
Floréal,Flowers,19,Orache,https://en.wikipedia.org/wiki/Orache
Floréal,Flowers,20,the Weeding hoe,https://en.wikipedia.org/wiki/Hoe_(tool)
Floréal,Flowers,21,Sea thrift,https://en.wikipedia.org/wiki/Armeria_maritima
Floréal,Flowers,22,Fritillary,https://en.wikipedia.org/wiki/Fritillary
Floréal,Flowers,23,Borage,https://en.wikipedia.org/wiki/Borage
Floréal,Flowers,24,Valerian,https://en.wikipedia.org/wiki/Valerian
Floréal,Flowers,25,Carp,https://en.wikipedia.org/wiki/Carp
Floréal,Flowers,26,Spindle shrubs,https://en.wikipedia.org/wiki/Euonymus
Floréal,Flowers,27,Chive,https://en.wikipedia.org/wiki/Chive
Floréal,Flowers,28,Bugloss,https://en.wikipedia.org/wiki/Anchusa
Floréal,Flowers,29,White mustard,https://en.wikipedia.org/wiki/White_mustard
Floréal,Flowers,30,the Shepherd's crook,https://en.wikipedia.org/wiki/Shepherd%27s_crook
Prairial,Meadows,1,Alfalfa,https://en.wikipedia.org/wiki/Alfalfa
Prairial,Meadows,2,Daylily,https://en.wikipedia.org/wiki/Daylily
Prairial,Meadows,3,Clover,https://en.wikipedia.org/wiki/Clover
Prairial,Meadows,4,Angelica,https://en.wikipedia.org/wiki/Angelica
Prairial,Meadows,5,Ducks,https://en.wikipedia.org/wiki/Duck
Prairial,Meadows,6,Lemon balm,https://en.wikipedia.org/wiki/Lemon_balm
Prairial,Meadows,7,Oat grass,https://en.wikipedia.org/wiki/Arrhenatherum
Prairial,Meadows,8,Maragon lily,https://en.wikipedia.org/wiki/Lilium_martagon
Prairial,Meadows,9,Wild Thyme,https://en.wikipedia.org/wiki/Thymus_serpyllum
Prairial,Meadows,10,the Scythe,https://en.wikipedia.org/wiki/Scythe
Prairial,Meadows,11,Strawberries,https://en.wikipedia.org/wiki/Strawberries
Prairial,Meadows,12,Betony,https://en.wikipedia.org/wiki/Stachys_officinalis
Prairial,Meadows,13,Peas,https://en.wikipedia.org/wiki/Pea
Prairial,Meadows,14,Acacia,https://en.wikipedia.org/wiki/Acacia
Prairial,Meadows,15,Quails,https://en.wikipedia.org/wiki/Quails
Prairial,Meadows,16,Carnations,https://en.wikipedia.org/wiki/Carnations
Prairial,Meadows,17,Elderberries,https://en.wikipedia.org/wiki/Elderberries
Prairial,Meadows,18,Poppies,https://en.wikipedia.org/wiki/Papaver_rhoeas
Prairial,Meadows,19,Linden trees,https://en.wikipedia.org/wiki/Tilia_cordata
Prairial,Meadows,20,the Pitchfork,https://en.wikipedia.org/wiki/Pitchfork
Prairial,Meadows,21,Cornflower,https://en.wikipedia.org/wiki/Cornflower
Prairial,Meadows,22,Camomile,https://en.wikipedia.org/wiki/Camomile
Prairial,Meadows,23,Honeysuckle,https://en.wikipedia.org/wiki/Honeysuckle
Prairial,Meadows,24,Bedstraw,https://en.wikipedia.org/wiki/Bedstraw
Prairial,Meadows,25,the Tench,https://en.wikipedia.org/wiki/Tench
Prairial,Meadows,26,Jasmine,https://en.wikipedia.org/wiki/Jasmine
Prairial,Meadows,27,Verbena,https://en.wikipedia.org/wiki/Verbena
Prairial,Meadows,28,Thyme,https://en.wikipedia.org/wiki/Thyme
Prairial,Meadows,29,Peony,https://en.wikipedia.org/wiki/Peony
Prairial,Meadows,30,the Hand Cart,https://en.wikipedia.org/wiki/Handcart
Messidor,Harvest,1,Rye,https://en.wikipedia.org/wiki/Rye
Messidor,Harvest,2,Oat,https://en.wikipedia.org/wiki/Oat
Messidor,Harvest,3,Onions,https://en.wikipedia.org/wiki/Onions
Messidor,Harvest,4,Speedwell,https://en.wikipedia.org/wiki/Veronica_(plant)
Messidor,Harvest,5,Mules,https://en.wikipedia.org/wiki/Mule
Messidor,Harvest,6,Rosemary,https://en.wikipedia.org/wiki/Rosemary
Messidor,Harvest,7,Cucumbers,https://en.wikipedia.org/wiki/Cucumbers
Messidor,Harvest,8,Shallots,https://en.wikipedia.org/wiki/Shallots
Messidor,Harvest,9,Wormwood,https://en.wikipedia.org/wiki/Wormwood
Messidor,Harvest,10,the Sickle,https://en.wikipedia.org/wiki/Sickle
Messidor,Harvest,11,Coriander,https://en.wikipedia.org/wiki/Coriander
Messidor,Harvest,12,Artichokes,https://en.wikipedia.org/wiki/Artichokes
Messidor,Harvest,13,Clove,https://en.wikipedia.org/wiki/Clove
Messidor,Harvest,14,Lavender,https://en.wikipedia.org/wiki/Lavender
Messidor,Harvest,15,Chamois,https://en.wikipedia.org/wiki/Chamois
Messidor,Harvest,16,Tobacco,https://en.wikipedia.org/wiki/Tobacco
Messidor,Harvest,17,Redcurrant,https://en.wikipedia.org/wiki/Redcurrant
Messidor,Harvest,18,Hairy Vetchling,https://en.wikipedia.org/wiki/Lathyrus
Messidor,Harvest,19,Cherries,https://en.wikipedia.org/wiki/Cherries
Messidor,Harvest,20,Parks,https://en.wikipedia.org/wiki/Parks
Messidor,Harvest,21,Mint,https://en.wikipedia.org/wiki/Mint
Messidor,Harvest,22,Cumin,https://en.wikipedia.org/wiki/Cumin
Messidor,Harvest,23,Beans,https://en.wikipedia.org/wiki/Beans
Messidor,Harvest,24,Alkanet,https://en.wikipedia.org/wiki/Alkanet
Messidor,Harvest,25,Guineafowl,https://en.wikipedia.org/wiki/Guineafowl
Messidor,Harvest,26,Sage,https://en.wikipedia.org/wiki/Salvia_officinalis
Messidor,Harvest,27,Garlic,https://en.wikipedia.org/wiki/Garlic
Messidor,Harvest,28,Tare,https://en.wikipedia.org/wiki/Vicia_sativa
Messidor,Harvest,29,Wheat,https://en.wikipedia.org/wiki/Wheat
Messidor,Harvest,30,the Shawm,https://en.wikipedia.org/wiki/Shawm
Thermidor,Heat,1,Spelt,https://en.wikipedia.org/wiki/Spelt
Thermidor,Heat,2,Common mullein,https://en.wikipedia.org/wiki/Common_mullein
Thermidor,Heat,3,Melon,https://en.wikipedia.org/wiki/Melon
Thermidor,Heat,4,Ryegrass,https://en.wikipedia.org/wiki/Ryegrass
Thermidor,Heat,5,Rams,https://en.wikipedia.org/wiki/Sheep
Thermidor,Heat,6,Horsetail,https://en.wikipedia.org/wiki/Horsetail
Thermidor,Heat,7,Mugwort,https://en.wikipedia.org/wiki/Mugwort
Thermidor,Heat,8,Safflower,https://en.wikipedia.org/wiki/Safflower
Thermidor,Heat,9,Blackberry,https://en.wikipedia.org/wiki/Blackberry
Thermidor,Heat,10,the Watering can,https://en.wikipedia.org/wiki/Watering_can
Thermidor,Heat,11,Foxtail millet,https://en.wikipedia.org/wiki/Panicum_italicum
Thermidor,Heat,12,Glasswort,https://en.wikipedia.org/wiki/Glasswort
Thermidor,Heat,13,Apricots,https://en.wikipedia.org/wiki/Apricots
Thermidor,Heat,14,Basil,https://en.wikipedia.org/wiki/Basil
Thermidor,Heat,15,Ewes,https://en.wikipedia.org/wiki/Sheep
Thermidor,Heat,16,Marshmallow,https://en.wikipedia.org/wiki/Althaea_officinalis
Thermidor,Heat,17,Flax,https://en.wikipedia.org/wiki/Flax
Thermidor,Heat,18,Almonds,https://en.wikipedia.org/wiki/Almonds
Thermidor,Heat,19,Gentian,https://en.wikipedia.org/wiki/Gentian
Thermidor,Heat,20,the Lock,https://en.wikipedia.org/wiki/Lock_(water_transport)
Thermidor,Heat,21,Carline thistle,https://en.wikipedia.org/wiki/Carline_thistle
Thermidor,Heat,22,Capers,https://en.wikipedia.org/wiki/Capers
Thermidor,Heat,23,Lentils,https://en.wikipedia.org/wiki/Lentils
Thermidor,Heat,24,Inula,https://en.wikipedia.org/wiki/Inula
Thermidor,Heat,25,Otters,https://en.wikipedia.org/wiki/Otters
Thermidor,Heat,26,Myrtle,https://en.wikipedia.org/wiki/Myrtus
Thermidor,Heat,27,Rapeseed,https://en.wikipedia.org/wiki/Rapeseed
Thermidor,Heat,28,Lupin,https://en.wikipedia.org/wiki/Lupin
Thermidor,Heat,29,Cotton,https://en.wikipedia.org/wiki/Cotton
Thermidor,Heat,30,the Mill,https://en.wikipedia.org/wiki/Windmill
Fructidor,Fruit,1,Plums,https://en.wikipedia.org/wiki/Plums
Fructidor,Fruit,2,Millet,https://en.wikipedia.org/wiki/Millet
Fructidor,Fruit,3,Puffballs,https://en.wikipedia.org/wiki/Puffballs
Fructidor,Fruit,4,Six-row Barley,https://en.wikipedia.org/wiki/Barley
Fructidor,Fruit,5,Salmon,https://en.wikipedia.org/wiki/Salmon
Fructidor,Fruit,6,Tuberose,https://en.wikipedia.org/wiki/Tuberose
Fructidor,Fruit,7,Winter Barley,https://en.wikipedia.org/wiki/Barley
Fructidor,Fruit,8,Apocynum,https://en.wikipedia.org/wiki/Apocynaceae
Fructidor,Fruit,9,Liquorice,https://en.wikipedia.org/wiki/Liquorice
Fructidor,Fruit,10,the Ladder,https://en.wikipedia.org/wiki/Ladder
Fructidor,Fruit,11,Watermelon,https://en.wikipedia.org/wiki/Watermelon
Fructidor,Fruit,12,Fennel,https://en.wikipedia.org/wiki/Fennel
Fructidor,Fruit,13,European Barberry,https://en.wikipedia.org/wiki/Berberis_vulgaris
Fructidor,Fruit,14,Walnuts,https://en.wikipedia.org/wiki/Walnuts
Fructidor,Fruit,15,Trout,https://en.wikipedia.org/wiki/Trout
Fructidor,Fruit,16,Lemons,https://en.wikipedia.org/wiki/Lemons
Fructidor,Fruit,17,Teasel,https://en.wikipedia.org/wiki/Teasel
Fructidor,Fruit,18,Buckthorn,https://en.wikipedia.org/wiki/Buckthorn
Fructidor,Fruit,19,Mexican Marigold,https://en.wikipedia.org/wiki/Tagetes
Fructidor,Fruit,20,the Harvesting basket,https://en.wikipedia.org/wiki/Basket
Fructidor,Fruit,21,Wild Roses,https://en.wikipedia.org/wiki/Rosa_canina
Fructidor,Fruit,22,Hazelnuts,https://en.wikipedia.org/wiki/Hazelnuts
Fructidor,Fruit,23,Hops,https://en.wikipedia.org/wiki/Hops
Fructidor,Fruit,24,Sorghum,https://en.wikipedia.org/wiki/Sorghum
Fructidor,Fruit,25,Crayfish,https://en.wikipedia.org/wiki/Crayfish
Fructidor,Fruit,26,Bitter orange,https://en.wikipedia.org/wiki/Bitter_orange
Fructidor,Fruit,27,Goldenrod,https://en.wikipedia.org/wiki/Goldenrod
Fructidor,Fruit,28,Corn,https://en.wikipedia.org/wiki/Maize
Fructidor,Fruit,29,Sweet Chestnut,https://en.wikipedia.org/wiki/Sweet_Chestnut
Fructidor,Fruit,30,the Pack Basket,https://en.wikipedia.org/wiki/Basket
Sansculottides,Complementary Days,1,Virtue,https://en.wikipedia.org/wiki/Virtue
Sansculottides,Complementary Days,2,Talent,https://en.wikipedia.org/wiki/Aptitude
Sansculottides,Complementary Days,3,Labor,https://en.wikipedia.org/wiki/Work_(human_activity)
Sansculottides,Complementary Days,4,Convictions,https://en.wikipedia.org/wiki/Axiom
Sansculottides,Complementary Days,5,Honors,https://en.wikipedia.org/wiki/Award
Sansculottides,Complementary Days,6,Revoution,https://en.wikipedia.org/wiki/Revolution